{"epoch": 5, "step": 2346, "train loss": 2.6200978755950928, "train acc": 0.3137466609477997, "test loss": 2.7693541049957275, "test acc": 0.30389633774757385, "MACs": "7.243G", "params": "23.705M", "_timestamp": 1668298219.1076944, "_runtime": 1842.5140624046326, "_step": 5}