{"epoch": 1, "step": 782, "train loss": 4.142087936401367, "train acc": 0.0537683479487896, "test loss": 4.04245138168335, "test acc": 0.07535600662231445, "MACs": "7.243G", "params": "23.705M", "_timestamp": 1668297002.0540574, "_runtime": 625.4604253768921, "_step": 1}