{"epoch": 17, "step": 7038, "train loss": 1.2907721996307373, "train acc": 0.6314260363578796, "test loss": 2.202044725418091, "test acc": 0.4577728509902954, "MACs": "7.243G", "params": "23.705M", "_timestamp": 1668301797.644417, "_runtime": 5421.050785064697, "_step": 17, "_wandb": {"runtime": 5629}}