{"epoch": 3, "step": 1564, "train loss": 3.464533805847168, "train acc": 0.15704119205474854, "test loss": 3.3567144870758057, "test acc": 0.18047860264778137, "MACs": "7.243G", "params": "23.705M", "_timestamp": 1668297612.5280318, "_runtime": 1235.934399843216, "_step": 3}